﻿Semester,Date,DayOfWeek,Time,Computers,Silent,Quiet,Active,Other,Total,timestamp
Fall Intersession 2021,8/2/2021,Monday,7:30 AM,1,0,0,0,0,1,8/2/2021 7:35
Fall Intersession 2021,8/2/2021,Monday,8:30 AM,1,0,2,0,0,3,8/2/2021 8:36
Fall Intersession 2021,8/2/2021,Monday,9:30 AM,1,0,2,0,0,3,8/2/2021 9:28
Fall Intersession 2021,8/2/2021,Monday,10:30 AM,3,0,2,0,0,5,8/2/2021 10:29
Fall Intersession 2021,8/2/2021,Monday,10:30 AM,3,0,2,0,0,5,8/2/2021 10:29
Fall Intersession 2021,8/2/2021,Monday,11:30 AM,2,0,2,0,0,4,8/2/2021 11:30
Fall Intersession 2021,8/2/2021,Monday,12:30 PM,2,0,2,0,0,4,8/2/2021 12:30
Fall Intersession 2021,8/2/2021,Monday,1:30 PM,2,0,0,0,1,3,8/2/2021 1:31
Fall Intersession 2021,8/2/2021,Monday,2:30 PM,1,0,0,0,1,2,8/2/2021 2:31
Fall Intersession 2021,8/3/2021,Tuesday,7:30 AM,0,0,0,0,0,0,8/3/2021 7:32
Fall Intersession 2021,8/3/2021,Tuesday,8:30 AM,2,0,2,0,0,4,8/3/2021 8:34
Fall Intersession 2021,8/3/2021,Tuesday,9:30 AM,0,0,3,1,0,4,8/3/2021 9:33
Fall Intersession 2021,8/3/2021,Tuesday,10:30 AM,0,0,3,1,0,4,8/3/2021 10:30
Fall Intersession 2021,8/3/2021,Tuesday,11:30 AM,2,2,0,1,0,5,8/3/2021 11:40
Fall Intersession 2021,8/3/2021,Tuesday,12:30 PM,1,2,0,1,2,6,8/3/2021 12:25
Fall Intersession 2021,8/3/2021,Tuesday,1:30 PM,3,0,0,0,0,3,8/3/2021 1:27
Fall Intersession 2021,8/3/2021,Tuesday,3:30 PM,2,0,0,0,1,3,8/3/2021 3:34
Fall Intersession 2021,8/3/2021,Tuesday,2:30 PM,3,2,0,0,1,6,8/3/2021 3:34
Fall Intersession 2021,8/3/2021,Tuesday,4:30 PM,1,1,0,0,1,3,8/3/2021 4:29
Fall Intersession 2021,8/3/2021,Tuesday,5:30 PM,0,1,0,0,1,2,8/3/2021 5:30
Fall Intersession 2021,8/4/2021,Wednesday,7:30 AM,0,0,0,0,0,0,8/4/2021 7:33
Fall Intersession 2021,8/4/2021,Wednesday,8:30 AM,0,0,0,0,0,0,8/4/2021 8:31
Fall Intersession 2021,8/4/2021,Wednesday,9:30 AM,0,0,0,0,0,0,8/4/2021 9:30
Fall Intersession 2021,8/4/2021,Wednesday,10:30 AM,1,0,0,0,0,1,8/4/2021 10:29
Fall Intersession 2021,8/4/2021,Wednesday,11:30 AM,0,0,0,0,0,0,8/4/2021 11:29
Fall Intersession 2021,8/4/2021,Wednesday,12:30 PM,3,0,0,0,0,3,8/4/2021 12:31
Fall Intersession 2021,8/4/2021,Wednesday,1:30 PM,0,0,0,0,0,0,8/4/2021 1:29
Fall Intersession 2021,8/4/2021,Wednesday,2:30 PM,2,0,0,0,1,3,8/4/2021 2:29
Fall Intersession 2021,8/5/2021,Thursday,7:30 AM,0,0,0,0,0,0,8/5/2021 7:33
Fall Intersession 2021,8/5/2021,Thursday,8:30 AM,0,0,0,0,0,0,8/5/2021 8:30
Fall Intersession 2021,8/5/2021,Thursday,9:30 AM,1,0,0,1,0,2,8/5/2021 9:38
Fall Intersession 2021,8/5/2021,Thursday,10:30 AM,1,0,1,1,0,3,8/5/2021 10:31
Fall Intersession 2021,8/5/2021,Thursday,12:30 PM,2,0,0,1,0,3,8/5/2021 12:24
Fall Intersession 2021,8/5/2021,Thursday,1:30 PM,2,0,0,0,0,2,8/5/2021 1:28
Fall Intersession 2021,8/5/2021,Thursday,2:30 PM,2,0,1,3,1,7,8/5/2021 2:35
Fall Intersession 2021,8/5/2021,Thursday,3:30 PM,0,0,0,0,3,3,8/5/2021 3:46
Fall Intersession 2021,8/5/2021,Thursday,4:30 PM,0,0,0,0,4,4,8/5/2021 4:34
Fall Intersession 2021,8/5/2021,Thursday,5:30 PM,0,0,0,0,1,1,8/5/2021 5:34
Fall Intersession 2021,8/6/2021,Friday,7:30 AM,0,0,0,0,0,0,8/6/2021 7:33
Fall Intersession 2021,8/6/2021,Friday,8:30 AM,1,0,0,0,0,1,8/6/2021 8:30
Fall Intersession 2021,8/6/2021,Friday,9:30 AM,1,0,0,0,0,1,8/6/2021 9:30
Fall Intersession 2021,8/6/2021,Friday,10:30 AM,1,0,0,0,0,1,8/6/2021 10:30
Fall Intersession 2021,8/6/2021,Friday,11:30 AM,2,0,0,1,0,3,8/6/2021 11:30
Fall Intersession 2021,8/6/2021,Friday,12:30 PM,1,0,0,1,0,2,8/6/2021 12:32
Fall Intersession 2021,8/6/2021,Friday,1:30 PM,0,0,0,1,3,4,8/6/2021 1:31
Fall Intersession 2021,8/6/2021,Friday,3:30 PM,2,0,0,0,1,3,8/6/2021 3:37
Fall Intersession 2021,8/9/2021,Monday,7:30 AM,0,0,0,0,0,0,8/9/2021 7:35
Fall Intersession 2021,8/9/2021,Monday,8:30 AM,0,0,0,0,0,0,8/9/2021 8:31
Fall Intersession 2021,8/9/2021,Monday,9:30 AM,0,0,0,0,2,2,8/9/2021 9:31
Fall Intersession 2021,8/9/2021,Monday,10:30 AM,0,1,0,0,0,1,8/9/2021 10:30
Fall Intersession 2021,8/9/2021,Monday,11:30 AM,0,1,1,0,0,2,8/9/2021 11:30
Fall Intersession 2021,8/9/2021,Monday,12:30 PM,5,0,1,0,0,6,8/9/2021 12:30
Fall Intersession 2021,8/9/2021,Monday,1:30 PM,3,0,1,1,0,5,8/9/2021 1:32
Fall Intersession 2021,8/9/2021,Monday,2:30 PM,0,0,1,0,2,3,8/9/2021 2:33
Fall Intersession 2021,8/9/2021,Monday,3:30 PM,1,1,1,0,0,3,8/9/2021 3:32
Fall Intersession 2021,8/9/2021,Monday,4:30 PM,0,0,0,0,0,0,8/9/2021 4:33
Fall Intersession 2021,8/10/2021,Tuesday,7:30 AM,0,0,0,0,0,0,8/10/2021 7:30
Fall Intersession 2021,8/10/2021,Tuesday,8:30 AM,0,0,0,0,0,0,8/10/2021 8:30
Fall Intersession 2021,8/10/2021,Tuesday,9:30 AM,0,0,0,0,0,0,8/10/2021 9:39
Fall Intersession 2021,8/10/2021,Tuesday,10:30 AM,0,0,0,0,0,0,8/10/2021 10:35
Fall Intersession 2021,8/10/2021,Tuesday,11:30 AM,3,1,1,0,0,5,8/10/2021 11:29
Fall Intersession 2021,8/10/2021,Tuesday,12:30 PM,0,1,1,1,0,3,8/10/2021 12:36
Fall Intersession 2021,8/10/2021,Tuesday,1:30 PM,2,1,1,0,0,4,8/10/2021 1:33
Fall Intersession 2021,8/10/2021,Tuesday,2:30 PM,1,1,0,0,0,2,8/10/2021 2:29
Fall Intersession 2021,8/10/2021,Tuesday,3:30 PM,3,1,0,0,0,4,8/10/2021 4:06
Fall Intersession 2021,8/10/2021,Tuesday,4:30 PM,1,0,0,0,0,1,8/10/2021 4:30
Fall Intersession 2021,8/10/2021,Tuesday,5:30 PM,2,0,0,0,0,2,8/10/2021 5:38
Fall Intersession 2021,8/11/2021,Wednesday,7:30 AM,0,0,0,0,0,0,8/11/2021 7:39
Fall Intersession 2021,8/11/2021,Wednesday,8:30 AM,0,0,0,0,0,0,8/11/2021 8:29
Fall Intersession 2021,8/11/2021,Wednesday,9:30 AM,0,0,0,0,0,0,8/11/2021 9:27
Fall Intersession 2021,8/11/2021,Wednesday,10:30 AM,0,1,1,0,2,4,8/11/2021 10:29
Fall Intersession 2021,8/11/2021,Wednesday,11:30 AM,0,1,1,0,0,2,8/11/2021 11:28
Fall Intersession 2021,8/11/2021,Wednesday,12:30 PM,2,0,1,2,0,5,8/11/2021 12:31
Fall Intersession 2021,8/11/2021,Wednesday,1:30 PM,1,0,1,2,2,6,8/11/2021 1:33
Fall Intersession 2021,8/11/2021,Wednesday,2:30 PM,3,0,0,0,1,4,8/11/2021 2:29
Fall Intersession 2021,8/11/2021,Wednesday,3:30 PM,3,0,0,1,0,4,8/11/2021 3:32
Fall Intersession 2021,8/12/2021,Thursday,7:30 AM,0,0,0,0,0,0,8/12/2021 7:33
Fall Intersession 2021,8/12/2021,Thursday,8:30 AM,1,0,0,0,0,1,8/12/2021 8:37
Fall Intersession 2021,8/12/2021,Thursday,9:30 AM,1,0,0,0,1,2,8/12/2021 9:33
Fall Intersession 2021,8/12/2021,Thursday,10:30 AM,1,0,1,0,0,2,8/12/2021 10:32
Fall Intersession 2021,8/12/2021,Thursday,11:30 AM,1,0,1,0,1,3,8/12/2021 11:39
Fall Intersession 2021,8/12/2021,Thursday,12:30 PM,0,0,0,2,0,2,8/12/2021 12:32
Fall Intersession 2021,8/12/2021,Thursday,1:30 PM,3,0,1,0,1,5,8/12/2021 1:01
Fall Intersession 2021,8/12/2021,Thursday,2:30 PM,3,0,0,0,2,5,8/12/2021 2:48
Fall Intersession 2021,8/12/2021,Thursday,3:30 PM,3,0,0,0,1,4,8/12/2021 3:40
Fall Intersession 2021,8/12/2021,Thursday,4:30 PM,4,1,0,0,0,5,8/12/2021 4:46
Fall Intersession 2021,8/12/2021,Thursday,5:30 PM,3,0,0,0,0,3,8/12/2021 5:31
Fall Intersession 2021,8/13/2021,Friday,7:30 AM,0,0,0,0,0,0,8/13/2021 7:32
Fall Intersession 2021,8/13/2021,Friday,8:30 AM,1,0,0,0,0,1,8/13/2021 8:35
Fall Intersession 2021,8/13/2021,Friday,9:30 AM,1,0,0,0,0,1,8/13/2021 9:30
Fall Intersession 2021,8/13/2021,Friday,10:30 AM,4,0,0,0,0,4,8/13/2021 10:31
Fall Intersession 2021,8/13/2021,Friday,11:30 AM,2,0,1,3,1,7,8/13/2021 11:31
Fall Intersession 2021,8/13/2021,Friday,12:30 PM,4,1,1,4,1,11,8/13/2021 12:40
Fall Intersession 2021,8/13/2021,Friday,1:30 PM,5,1,1,2,2,11,8/13/2021 1:31
Fall Intersession 2021,8/13/2021,Friday,2:30 PM,5,1,1,2,0,9,8/13/2021 2:30
Fall Intersession 2021,8/13/2021,Friday,3:30 PM,4,1,1,0,0,6,8/13/2021 3:31
Fall Intersession 2021,8/13/2021,Friday,4:30 PM,1,0,0,0,0,1,8/13/2021 4:52
