﻿Semester,Date,DayOfWeek,Time,Computers,Tables,StudySpaces,QuietArea,Alcove,Total,timestamp
Fall Intersession 2021,8/3/2021,Tuesday,2:30 PM,2,1,0,2,1,6,8/3/2021 2:28
Fall Intersession 2021,8/3/2021,Tuesday,4:30 PM,3,0,0,1,0,4,8/3/2021 4:29
Fall Intersession 2021,8/3/2021,Tuesday,5:30 PM,0,0,1,0,0,1,8/3/2021 5:30
Fall Intersession 2021,8/4/2021,Wednesday,5:30 PM,0,0,0,1,0,1,8/4/2021 5:27
Fall Intersession 2021,8/5/2021,Thursday,3:30 PM,4,0,0,1,0,5,8/5/2021 3:31
Fall Intersession 2021,8/5/2021,Thursday,5:30 PM,2,0,0,1,0,3,8/5/2021 4:28
Fall Intersession 2021,8/5/2021,Thursday,4:30 PM,2,0,0,1,0,3,8/5/2021 4:28
Fall Intersession 2021,8/10/2021,Tuesday,1:30 PM,1,2,0,3,0,6,8/10/2021 1:29
Fall Intersession 2021,8/10/2021,Tuesday,2:30 PM,0,0,0,1,1,2,8/10/2021 2:37
Fall Intersession 2021,8/10/2021,Tuesday,4:30 PM,0,0,0,1,0,1,8/10/2021 4:29
Fall Intersession 2021,8/12/2021,Thursday,2:30 PM,0,0,0,2,1,3,8/12/2021 2:38
Fall Intersession 2021,8/12/2021,Thursday,4:30 PM,1,0,6,2,0,9,8/12/2021 4:28
Fall Intersession 2021,8/12/2021,Thursday,5:30 PM,0,0,0,1,0,1,8/12/2021 5:35
